﻿<?xml version="1.0" encoding="utf-8" ?>
<c2eventsheet>
    <!--All the 'name' attributes are ignored by Construct 2 - they are there for readability only.-->
    <name>Event game over</name>
    <events>
        <event-block sid="187174769727453">
            <conditions>
                <condition id="6" name="On object clicked" sid="131669569524853" type="Mouse">
                    <param id="0" name="Mouse button">0</param>
                    <param id="1" name="Click type">0</param>
                    <param id="2" name="Object clicked">Sprite8</param>
                </condition>
            </conditions>
            <actions>
                <action id="-9" name="Set value" sid="405233007200934" type="System">
                    <param id="0" name="Variable">HP</param>
                    <param id="1" name="Value">5</param>
                </action>
                <action id="-9" name="Set value" sid="131585204225237" type="System">
                    <param id="0" name="Variable">score</param>
                    <param id="1" name="Value">0</param>
                </action>
                <action id="-2" name="Go to layout" sid="717581636218003" type="System">
                    <param id="0" name="Layout">level 1</param>
                </action>
            </actions>
        </event-block>
    </events>
</c2eventsheet>
