﻿<?xml version="1.0" encoding="utf-8" ?>
<c2eventsheet>
    <!--All the 'name' attributes are ignored by Construct 2 - they are there for readability only.-->
    <name>Event level 2</name>
    <events>
        <variable constant="0" name="score2" sid="492309194247457" static="0" type="number">0</variable>
        <variable constant="0" name="HP2" sid="318744195170220" static="0" type="number">5</variable>
        <event-block sid="984680048677692">
            <conditions>
                <condition id="2" name="Key is down" sid="156099231537697" type="Keyboard">
                    <param id="0" name="Key">39</param>
                </condition>
            </conditions>
            <actions>
                <action id="4" name="Set animation" sid="613037333845901" type="ตัว2">
                    <param id="0" name="Animation">&quot;เดิน&quot;</param>
                    <param id="1" name="From">1</param>
                </action>
                <action behavior="Platform" id="7" name="Simulate control" sid="405591276148950" type="ตัว2">
                    <param id="0" name="Control">1</param>
                </action>
                <action id="7" name="Set mirrored" sid="211238829348331" type="ตัว2">
                    <param id="0" name="State">1</param>
                </action>
            </actions>
        </event-block>
        <event-block sid="995953416262953">
            <conditions>
                <condition id="7" name="On any key released" sid="987192149407979" type="Keyboard" />
            </conditions>
            <actions>
                <action id="4" name="Set animation" sid="552716596924856" type="player1">
                    <param id="0" name="Animation">&quot;Default&quot;</param>
                    <param id="1" name="From">1</param>
                </action>
            </actions>
        </event-block>
        <event-block sid="904950466133991">
            <conditions>
                <condition id="2" name="Key is down" sid="789754998723708" type="Keyboard">
                    <param id="0" name="Key">37</param>
                </condition>
            </conditions>
            <actions>
                <action id="4" name="Set animation" sid="205032644990942" type="ตัว2">
                    <param id="0" name="Animation">&quot;เดิน&quot;</param>
                    <param id="1" name="From">1</param>
                </action>
                <action behavior="Platform" id="7" name="Simulate control" sid="964281953649455" type="ตัว2">
                    <param id="0" name="Control">0</param>
                </action>
                <action id="7" name="Set mirrored" sid="156270826986451" type="ตัว2">
                    <param id="0" name="State">0</param>
                </action>
            </actions>
        </event-block>
        <event-block sid="593443297463585">
            <conditions>
                <condition id="2" name="Key is down" sid="348479223824778" type="Keyboard">
                    <param id="0" name="Key">38</param>
                </condition>
            </conditions>
            <actions>
                <action id="4" name="Set animation" sid="242039199419023" type="ตัว2">
                    <param id="0" name="Animation">&quot;กระโดด&quot;</param>
                    <param id="1" name="From">1</param>
                </action>
            </actions>
        </event-block>
        <event-block sid="468727585510029">
            <conditions>
                <condition id="2" name="Key is down" sid="181093210677086" type="Keyboard">
                    <param id="0" name="Key">38</param>
                </condition>
            </conditions>
            <actions>
                <action behavior="Platform" id="7" name="Simulate control" sid="261705418835665" type="ตัว2">
                    <param id="0" name="Control">2</param>
                </action>
            </actions>
        </event-block>
        <event-block sid="477428786271696">
            <conditions>
                <condition id="0" name="On collision with another object" sid="713399119701432" type="level2">
                    <param id="0" name="Object">ตัว2</param>
                </condition>
            </conditions>
            <actions>
                <action id="-9" name="Destroy" sid="611144562551095" type="level2" />
                <action id="-10" name="Add to" sid="551828077602358" type="System">
                    <param id="0" name="Variable">score2</param>
                    <param id="1" name="Value">1</param>
                </action>
            </actions>
        </event-block>
        <event-block sid="619893478024600">
            <conditions>
                <condition id="-6" name="Every X seconds" sid="861486030750099" type="System">
                    <param id="0" name="Interval (seconds)">choose(0.5,1,1.5,2)</param>
                </condition>
            </conditions>
            <actions>
                <action id="0" name="Spawn another object" sid="579422868648370" type="ปืน2">
                    <param id="0" name="Object">กระสุนแดง</param>
                    <param id="1" name="Layer">1</param>
                    <param id="2" name="Image point">0</param>
                </action>
                <action id="-8" name="Set angle" sid="862203353030845" type="ปืน2">
                    <param id="0" name="Angle">270</param>
                </action>
            </actions>
        </event-block>
        <event-block sid="395071789993783">
            <conditions>
                <condition id="-1" name="Every tick" sid="304669827456842" type="System" />
            </conditions>
            <actions>
                <action id="0" name="Set text" sid="508067229958079" type="เลือด2">
                    <param id="0" name="Text">&quot;HP:&quot;&amp;HP2</param>
                </action>
                <action id="0" name="Set text" sid="802441694277665" type="สกอ2">
                    <param id="0" name="Text">&quot;Score : &quot;&amp;score2</param>
                </action>
            </actions>
        </event-block>
        <event-block sid="270347460134924">
            <conditions>
                <condition id="0" name="On collision with another object" sid="282371393361021" type="กระสุนแดง">
                    <param id="0" name="Object">ตัว2</param>
                </condition>
            </conditions>
            <actions>
                <action id="-9" name="Destroy" sid="711923521674055" type="กระสุนแดง" />
                <action id="-11" name="Subtract from" sid="227352565363164" type="System">
                    <param id="0" name="Variable">HP2</param>
                    <param id="1" name="Value">1</param>
                </action>
            </actions>
        </event-block>
        <event-block sid="480937909944512">
            <conditions>
                <condition id="-2" name="On start of layout" sid="303311463509771" type="System" />
            </conditions>
            <actions>
                <action id="-15" name="Set visible" sid="434431740262946" type="กุญแจ2">
                    <param id="0" name="Visibility">0</param>
                </action>
            </actions>
            <sub-events>
                <event-block sid="159431844107231">
                    <conditions>
                        <condition id="-16" name="Pick random instance" sid="667376977087695" type="System">
                            <param id="0" name="Object">level2</param>
                        </condition>
                    </conditions>
                    <actions>
                        <action id="-4" name="Set position to another object" sid="719246196580678" type="กุญแจ2">
                            <param id="0" name="Object">level2</param>
                            <param id="1" name="Image point (optional)">0</param>
                        </action>
                    </actions>
                </event-block>
            </sub-events>
        </event-block>
        <event-block sid="237881192271136">
            <conditions>
                <condition id="1" inverted="1" name="Is overlapping another object" sid="272874680115619" type="กุญแจ2">
                    <param id="0" name="Object">level2</param>
                </condition>
            </conditions>
            <actions>
                <action id="-15" name="Set visible" sid="709175898150474" type="กุญแจ2">
                    <param id="0" name="Visibility">1</param>
                </action>
            </actions>
        </event-block>
        <event-block sid="221558768187688">
            <conditions>
                <condition id="-8" name="Compare two values" sid="886141829746202" type="System">
                    <param id="0" name="First value">HP2</param>
                    <param id="1" name="Comparison">0</param>
                    <param id="2" name="Second value">0</param>
                </condition>
            </conditions>
            <actions>
                <action id="4" name="Set animation" sid="318311440256954" type="ตัว2">
                    <param id="0" name="Animation">&quot;ตาย&quot;</param>
                    <param id="1" name="From">1</param>
                </action>
                <action id="-16" name="Wait" sid="990223494350047" type="System">
                    <param id="0" name="Seconds">1</param>
                </action>
                <action id="-2" name="Go to layout" sid="295715141225597" type="System">
                    <param id="0" name="Layout">Game Over</param>
                </action>
            </actions>
        </event-block>
        <event-block sid="879689749283533">
            <conditions>
                <condition id="0" name="On collision with another object" sid="149450530876220" type="ตัว2">
                    <param id="0" name="Object">คลื่น2</param>
                </condition>
            </conditions>
            <actions>
                <action id="-9" name="Destroy" sid="472157633983486" type="ตัว2" />
                <action id="-26" name="Restart layout" sid="417531000440331" type="System" />
            </actions>
        </event-block>
    </events>
</c2eventsheet>
