﻿<?xml version="1.0" encoding="utf-8" ?>
<c2eventsheet>
    <!--All the 'name' attributes are ignored by Construct 2 - they are there for readability only.-->
    <name>Event level 1</name>
    <events>
        <variable constant="0" name="score" sid="692972773026044" static="0" type="number">0</variable>
        <variable constant="0" name="HP" sid="486925589979896" static="0" type="number">5</variable>
        <event-block sid="379661197533570">
            <conditions>
                <condition id="2" name="Key is down" sid="128624371036424" type="Keyboard">
                    <param id="0" name="Key">39</param>
                </condition>
            </conditions>
            <actions>
                <action id="4" name="Set animation" sid="101057750639794" type="player1">
                    <param id="0" name="Animation">&quot;เดิน&quot;</param>
                    <param id="1" name="From">1</param>
                </action>
                <action behavior="Platform" id="7" name="Simulate control" sid="271552803346756" type="player1">
                    <param id="0" name="Control">1</param>
                </action>
                <action id="7" name="Set mirrored" sid="932184209340871" type="player1">
                    <param id="0" name="State">1</param>
                </action>
            </actions>
        </event-block>
        <event-block sid="975405234719847">
            <conditions>
                <condition id="7" name="On any key released" sid="856077036187345" type="Keyboard" />
            </conditions>
            <actions>
                <action id="4" name="Set animation" sid="293255806371432" type="player1">
                    <param id="0" name="Animation">&quot;Default&quot;</param>
                    <param id="1" name="From">1</param>
                </action>
            </actions>
        </event-block>
        <event-block sid="942651447570216">
            <conditions>
                <condition id="2" name="Key is down" sid="749645966780228" type="Keyboard">
                    <param id="0" name="Key">37</param>
                </condition>
            </conditions>
            <actions>
                <action id="4" name="Set animation" sid="489950878587349" type="player1">
                    <param id="0" name="Animation">&quot;เดิน&quot;</param>
                    <param id="1" name="From">1</param>
                </action>
                <action behavior="Platform" id="7" name="Simulate control" sid="612985994917727" type="player1">
                    <param id="0" name="Control">0</param>
                </action>
                <action id="7" name="Set mirrored" sid="621790214154086" type="player1">
                    <param id="0" name="State">0</param>
                </action>
            </actions>
        </event-block>
        <event-block sid="807063370846876">
            <conditions>
                <condition id="2" name="Key is down" sid="956534073380048" type="Keyboard">
                    <param id="0" name="Key">38</param>
                </condition>
            </conditions>
            <actions>
                <action id="4" name="Set animation" sid="307930369084401" type="player1">
                    <param id="0" name="Animation">&quot;กระโดด&quot;</param>
                    <param id="1" name="From">1</param>
                </action>
            </actions>
        </event-block>
        <event-block sid="145988720819708">
            <conditions>
                <condition id="2" name="Key is down" sid="382691894154777" type="Keyboard">
                    <param id="0" name="Key">38</param>
                </condition>
            </conditions>
            <actions>
                <action behavior="Platform" id="7" name="Simulate control" sid="728029969143985" type="player1">
                    <param id="0" name="Control">2</param>
                </action>
            </actions>
        </event-block>
        <event-block sid="522854444047782">
            <conditions>
                <condition id="0" name="On collision with another object" sid="308519661839177" type="Sprite">
                    <param id="0" name="Object">player1</param>
                </condition>
            </conditions>
            <actions>
                <action id="-9" name="Destroy" sid="703826339445842" type="Sprite" />
                <action id="-10" name="Add to" sid="655739151853887" type="System">
                    <param id="0" name="Variable">score</param>
                    <param id="1" name="Value">1</param>
                </action>
            </actions>
        </event-block>
        <event-block sid="522070896064880">
            <conditions>
                <condition id="-6" name="Every X seconds" sid="599285779146791" type="System">
                    <param id="0" name="Interval (seconds)">choose(0.5,1,1.5,2)</param>
                </condition>
            </conditions>
            <actions>
                <action id="0" name="Spawn another object" sid="344274668173785" type="Sprite2">
                    <param id="0" name="Object">bullet</param>
                    <param id="1" name="Layer">1</param>
                    <param id="2" name="Image point">0</param>
                </action>
                <action id="-8" name="Set angle" sid="193230613469035" type="bullet">
                    <param id="0" name="Angle">270</param>
                </action>
            </actions>
        </event-block>
        <event-block sid="995943124419538">
            <conditions>
                <condition id="0" name="On collision with another object" sid="866660190657131" type="bullet">
                    <param id="0" name="Object">TiledBackground</param>
                </condition>
            </conditions>
            <actions>
                <action id="-9" name="Destroy" sid="660838341720897" type="bullet" />
            </actions>
        </event-block>
        <event-block sid="590164889986409">
            <conditions>
                <condition id="-1" name="Every tick" sid="570786071295101" type="System" />
            </conditions>
            <actions>
                <action id="0" name="Set text" sid="555183284000790" type="HP">
                    <param id="0" name="Text">&quot;HP : &quot;&amp;HP</param>
                </action>
                <action id="0" name="Set text" sid="495314476903279" type="score">
                    <param id="0" name="Text">&quot;Score : &quot;&amp;score</param>
                </action>
            </actions>
        </event-block>
        <event-block sid="146679291394467">
            <conditions>
                <condition id="0" name="On collision with another object" sid="262510782708801" type="bullet">
                    <param id="0" name="Object">player1</param>
                </condition>
            </conditions>
            <actions>
                <action id="-9" name="Destroy" sid="663268391065018" type="bullet" />
                <action id="-11" name="Subtract from" sid="579484169629293" type="System">
                    <param id="0" name="Variable">HP</param>
                    <param id="1" name="Value">1</param>
                </action>
            </actions>
        </event-block>
        <event-block sid="488982595674946">
            <conditions>
                <condition id="-2" name="On start of layout" sid="634910193033955" type="System" />
            </conditions>
            <actions>
                <action id="-15" name="Set visible" sid="239256782386860" type="Sprite4">
                    <param id="0" name="Visibility">0</param>
                </action>
            </actions>
            <sub-events>
                <event-block sid="658874553808786">
                    <conditions>
                        <condition id="-16" name="Pick random instance" sid="929673706668826" type="System">
                            <param id="0" name="Object">Sprite</param>
                        </condition>
                    </conditions>
                    <actions>
                        <action id="-4" name="Set position to another object" sid="652603836218970" type="Sprite4">
                            <param id="0" name="Object">Sprite</param>
                            <param id="1" name="Image point (optional)">0</param>
                        </action>
                    </actions>
                </event-block>
            </sub-events>
        </event-block>
        <event-block sid="256859993251994">
            <conditions>
                <condition id="1" inverted="1" name="Is overlapping another object" sid="601898694305830" type="Sprite4">
                    <param id="0" name="Object">Sprite</param>
                </condition>
            </conditions>
            <actions>
                <action id="-15" name="Set visible" sid="226583508547954" type="Sprite4">
                    <param id="0" name="Visibility">1</param>
                </action>
            </actions>
        </event-block>
        <event-block sid="539956866667157">
            <conditions>
                <condition id="-8" name="Compare two values" sid="786788841396178" type="System">
                    <param id="0" name="First value">HP</param>
                    <param id="1" name="Comparison">0</param>
                    <param id="2" name="Second value">0</param>
                </condition>
            </conditions>
            <actions>
                <action id="4" name="Set animation" sid="905400786712996" type="player1">
                    <param id="0" name="Animation">&quot;ตาย&quot;</param>
                    <param id="1" name="From">1</param>
                </action>
                <action id="-16" name="Wait" sid="928070717438469" type="System">
                    <param id="0" name="Seconds">1</param>
                </action>
                <action id="-2" name="Go to layout" sid="845958287291789" type="System">
                    <param id="0" name="Layout">Game Over</param>
                </action>
            </actions>
        </event-block>
        <event-block sid="760932759288205">
            <conditions>
                <condition id="3" name="On key released" sid="977722141324167" type="Keyboard">
                    <param id="0" name="Key">32</param>
                </condition>
            </conditions>
            <actions>
                <action id="0" name="Spawn another object" sid="147133030470505" type="player1">
                    <param id="0" name="Object">bullet2</param>
                    <param id="1" name="Layer">2</param>
                    <param id="2" name="Image point">1</param>
                </action>
            </actions>
            <sub-events>
                <event-block sid="583950654045970">
                    <conditions>
                        <condition id="7" inverted="1" name="Is mirrored" sid="415752305288491" type="player1" />
                    </conditions>
                    <actions>
                        <action behavior="Bullet" id="3" name="Set angle of motion" sid="442509975866218" type="bullet2">
                            <param id="0" name="Angle">0</param>
                        </action>
                    </actions>
                </event-block>
                <event-block sid="115515443635500">
                    <conditions>
                        <condition id="7" name="Is mirrored" sid="135511097498341" type="player1" />
                    </conditions>
                    <actions>
                        <action behavior="Bullet" id="3" name="Set angle of motion" sid="276902820371604" type="bullet2">
                            <param id="0" name="Angle">180</param>
                        </action>
                    </actions>
                </event-block>
            </sub-events>
        </event-block>
        <event-block sid="558008706028480">
            <conditions>
                <condition id="0" name="On collision with another object" sid="738205132368382" type="bullet2">
                    <param id="0" name="Object">Sprite2</param>
                </condition>
            </conditions>
            <actions>
                <action id="-9" name="Destroy" sid="779332609902608" type="bullet2" />
                <action id="-9" name="Destroy" sid="200771924964192" type="Sprite2" />
            </actions>
        </event-block>
        <event-block sid="530903383901031">
            <conditions>
                <condition id="1" name="Is overlapping another object" sid="738044254515250" type="player1">
                    <param id="0" name="Object">Sprite4</param>
                </condition>
            </conditions>
            <actions>
                <action id="-25" name="Go to layout (by name)" sid="879690352235306" type="System">
                    <param id="0" name="Layout">&quot;lavel2&quot;</param>
                </action>
            </actions>
        </event-block>
    </events>
</c2eventsheet>
