﻿<?xml version="1.0" encoding="utf-8" ?>
<c2uistate>
    <!--This is a UI state file - its content describes the user interface settings when the project was last open.
It is entirely optional and the project will load without it.  If you are placing the project under source control,
you probably do not want to add any .uistate.xml files to the repository.-->
    <configurations>
        <active>
            <configuration name="HTML5" />
        </active>
        <display name="HTML5" />
    </configurations>
    <open-tabs>
        <layout order="0">level 1</layout>
        <layout order="1">lavel2</layout>
        <layout order="7">Game Over</layout>
        <layout order="2">lavel3</layout>
        <event-sheet order="3">Event level 1</event-sheet>
        <event-sheet active="1" order="4">Event level 2</event-sheet>
        <event-sheet order="6">Event game over</event-sheet>
        <event-sheet order="5">Event level3</event-sheet>
    </open-tabs>
    <properties>
        <property expanded="1" name="About" />
        <property expanded="1" name="Project settings" />
        <property expanded="0" name="Window Size" />
        <property expanded="1" name="Configuration Settings" />
    </properties>
    <families-expanded root="1" />
    <folders-expanded>
        <folder expanded="1" path="object-folder/" />
        <folder expanded="1" path="layout-folder/" />
        <folder expanded="1" path="event-folder/" />
        <folder expanded="1" path="file-folder/" />
        <folder expanded="1" path="sound-folder/" />
        <folder expanded="1" path="music-folder/" />
        <folder expanded="0" path="file-folder/Icons/" />
        <folder expanded="1" path="animation-folder/player1/" />
        <folder expanded="1" path="animation-folder/Sprite/" />
        <folder expanded="1" path="animation-folder/bullet/" />
        <folder expanded="1" path="animation-folder/Sprite2/" />
        <folder expanded="1" path="animation-folder/Sprite3/" />
        <folder expanded="1" path="animation-folder/Sprite4/" />
        <folder expanded="1" path="animation-folder/bullet2/" />
        <folder expanded="1" path="animation-folder/Sprite5/" />
        <folder expanded="1" path="animation-folder/Sprite6/" />
        <folder expanded="1" path="animation-folder/Sprite7/" />
        <folder expanded="1" path="animation-folder/Sprite8/" />
        <folder expanded="1" path="animation-folder/Sprite9/" />
        <folder expanded="1" path="animation-folder/Sprite10/" />
        <folder expanded="1" path="animation-folder/slide/" />
        <folder expanded="1" path="animation-folder/Sprite12/" />
        <folder expanded="1" path="animation-folder/สิ่งกีดขาวง/" />
        <folder expanded="1" path="animation-folder/Sprite11/" />
        <folder expanded="1" path="animation-folder/Sprite13/" />
        <folder expanded="1" path="animation-folder/Sprite14/" />
        <folder expanded="1" path="animation-folder/Sprite15/" />
        <folder expanded="1" path="animation-folder/Sprite16/" />
        <folder expanded="1" path="animation-folder/Sprite17/" />
        <folder expanded="1" path="animation-folder/Sprite18/" />
        <folder expanded="1" path="animation-folder/Sprite19/" />
        <folder expanded="1" path="animation-folder/Sprite20/" />
        <folder expanded="1" path="animation-folder/Sprite21/" />
        <folder expanded="1" path="animation-folder/Sprite22/" />
        <folder expanded="1" path="animation-folder/Sprite23/" />
        <folder expanded="1" path="animation-folder/Sprite24/" />
        <folder expanded="1" path="animation-folder/Sprite25/" />
        <folder expanded="1" path="animation-folder/Sprite26/" />
        <folder expanded="1" path="animation-folder/Sprite27/" />
        <folder expanded="1" path="animation-folder/Sprite28/" />
        <folder expanded="1" path="animation-folder/Sprite29/" />
        <folder expanded="1" path="animation-folder/Sprite30/" />
        <folder expanded="1" path="animation-folder/Sprite31/" />
        <folder expanded="1" path="animation-folder/เพรช2/" />
        <folder expanded="1" path="animation-folder/ต้น2/" />
        <folder expanded="1" path="animation-folder/คลื่น2/" />
        <folder expanded="1" path="animation-folder/น้ำ2/" />
        <folder expanded="1" path="animation-folder/กล่อง2/" />
        <folder expanded="1" path="animation-folder/Sprite37/" />
        <folder expanded="1" path="animation-folder/หิน2/" />
        <folder expanded="1" path="animation-folder/ป่า2/" />
        <folder expanded="1" path="animation-folder/level2/" />
        <folder expanded="1" path="animation-folder/ตัว2/" />
        <folder expanded="1" path="animation-folder/Sprite32/" />
        <folder expanded="1" path="animation-folder/ปืน2/" />
        <folder expanded="1" path="animation-folder/กระสุนแดง/" />
        <folder expanded="1" path="animation-folder/กระสุนน้ำเงิน/" />
        <folder expanded="1" path="animation-folder/กุญแจ2/" />
    </folders-expanded>
</c2uistate>
